{"academic_center":747.373332,"crown_centre":1190,"makenzie":1590,"rooftop":1920,"sports_center":1117.498331}
